-- students

INSERT INTO STUDENT (student_id, student_name, student_DOB, student_gender, student_major, student_contact) VALUES (1,'Ankit Pandit', '2000-02-22', 'Male', 'CS', '+49 1233 1231');
INSERT INTO STUDENT (student_id, student_name, student_DOB, student_gender, student_major, student_contact) VALUES (2,'Daniel Bose','2000-01-01','Female','PSY','+49 2345 1234');
INSERT INTO STUDENT (student_id, student_name, student_DOB, student_gender, student_major, student_contact) VALUES (3,'Moria Hubbs','2000-01-02','Female','PSY','+49 2345 9768');
INSERT INTO STUDENT (student_id, student_name, student_DOB, student_gender, student_major, student_contact) VALUES (4,'Humungus Sauraus','2000-01-03','Male','ECE','+49 2345 2078');
INSERT INTO STUDENT (student_id, student_name, student_DOB, student_gender, student_major, student_contact) VALUES (5,'Sauran Shrestha','2000-01-04','Male','IMS','+49 23245 32435');
INSERT INTO STUDENT (student_id, student_name, student_DOB, student_gender, student_major, student_contact) VALUES (6,'Deepak Budha','2000-01-05','Male','ECE','+49 1222 23222');
INSERT INTO STUDENT (student_id, student_name, student_DOB, student_gender, student_major, student_contact) VALUES (7,'Tejal Jha','2001-01-01','Male','PHY','+49 5656 123');
INSERT INTO STUDENT (student_id, student_name, student_DOB, student_gender, student_major, student_contact) VALUES (8,'Sherlock Homes','1998-03-6','Male','CHEM','+977 9841720532');
INSERT INTO STUDENT (student_id, student_name, student_DOB, student_gender, student_major, student_contact) VALUES (9,'Alexa Holst','1999-02-05','Female','GEM','+49 123 533');
INSERT INTO STUDENT (student_id, student_name, student_DOB, student_gender, student_major, student_contact) VALUES (10,'Maria Santa','1999-10-10','Female','GEM','+49 2136 123');
INSERT INTO STUDENT (student_id, student_name, student_DOB, student_gender, student_major, student_contact) VALUES (11,'Arnav Singh', '2020-10-16', 'Male', 'CS', '+49 1232 1214');
INSERT INTO STUDENT (student_id, student_name, student_DOB, student_gender, student_major, student_contact) VALUES (12,'Alex GS', '2020-11-16', 'Male', 'RIS', '+49 1232 1224');
INSERT INTO STUDENT (student_id, student_name, student_DOB, student_gender, student_major, student_contact) VALUES (13,'Max GS', '2002-11-16', 'Female', 'IRPH', '+49 1242 1412');
INSERT INTO STUDENT (student_id, student_name, student_DOB, student_gender, student_major, student_contact) VALUES (14,'Aryan Singh', '2003-11-16', 'Male', 'IMS', '+49 8232 1432');
INSERT INTO STUDENT (student_id, student_name, student_DOB, student_gender, student_major, student_contact) VALUES (15,'Mickey Demse', '2001-11-16', 'Male', 'IEM', '+49 2322 2469');
INSERT INTO STUDENT (student_id, student_name, student_DOB, student_gender, student_major, student_contact) VALUES (16,'May Shrestha', '2009-04-16', 'Female', 'IBA', '+49 1296 9214');
INSERT INTO STUDENT (student_id, student_name, student_DOB, student_gender, student_major, student_contact) VALUES (17,'Mayhem Agrawal', '2009-04-16', 'Male', 'IBA', '+49 1292 2215');
INSERT INTO STUDENT (student_id, student_name, student_DOB, student_gender, student_major, student_contact) VALUES (18,'Olivia Villers', '2005-05-16', 'Female', 'BCCB', '+49 1298 5463');
INSERT INTO STUDENT (student_id, student_name, student_DOB, student_gender, student_major, student_contact) VALUES (19,'Emma Watson', '2005-05-16', 'Female', 'BCCB', '+49 1244 1229');
INSERT INTO STUDENT (student_id, student_name, student_DOB, student_gender, student_major, student_contact) VALUES (20,'Isabella White', '2004-11-16', 'Female', 'MCCB', '+49 1465 2122');
INSERT INTO STUDENT (student_id, student_name, student_DOB, student_gender, student_major, student_contact) VALUES (21,'Deepak Gurung','2001-10-13','Male','ECE','+49 1244 0021');
INSERT INTO STUDENT (student_id, student_name, student_DOB, student_gender, student_major, student_contact) VALUES (22,'Frank Honda','1999-12-17','Male','RIS','+49 7445 0022');
INSERT INTO STUDENT (student_id, student_name, student_DOB, student_gender, student_major, student_contact) VALUES (23,'Penn Smith','1999-04-21','Male','CS','+49 5575 0023');
INSERT INTO STUDENT (student_id, student_name, student_DOB, student_gender, student_major, student_contact) VALUES (24,'James Miller','2001-11-19','Male','MATH','+49 2474 0024');
INSERT INTO STUDENT (student_id, student_name, student_DOB, student_gender, student_major, student_contact) VALUES (25,'Emma White','2002-06-26','Female','RIS','+49 0864100 0025');
INSERT INTO STUDENT (student_id, student_name, student_DOB, student_gender, student_major, student_contact) VALUES (26,'Ava Green','1996-03-04','Female','CHEM','+49 4672 0026');
INSERT INTO STUDENT (student_id, student_name, student_DOB, student_gender, student_major, student_contact) VALUES (27,'Mia Smith','2000-06-23','Female','BCCB','+49 5678 0027');
INSERT INTO STUDENT (student_id, student_name, student_DOB, student_gender, student_major, student_contact) VALUES (28,'Hellen Lee','2002-07-27','Female','IBA','+49 7734 0028');
INSERT INTO STUDENT (student_id, student_name, student_DOB, student_gender, student_major, student_contact) VALUES (29,'Krishna Prasad Oli','1197-12-13','Male','GEM','+49 0105 0029');
INSERT INTO STUDENT (student_id, student_name, student_DOB, student_gender, student_major, student_contact) VALUES (30,'Lewis Clark','2000-10-16','Male','PHY','+49 3321 0030');

-- accounts

INSERT INTO ACCOUNTS (account_Username, account_Password, account_Type, account_des, account_email) VALUES ('ank1234','4@43245','user','Hello, this is my account. Feel free to contact me!','ankit@gmail.com');
INSERT INTO ACCOUNTS (account_Username, account_Password, account_Type, account_des, account_email) VALUES ('danny54','ahkdhb373','user','Hello, this is my account. Feel free to contact me!','danny@@gmail.com');
INSERT INTO ACCOUNTS (account_Username, account_Password, account_Type, account_des, account_email) VALUES ('moria21','32sdad','user','Hello, this is my account. Feel free to contact me!','moria@gmail.com');
INSERT INTO ACCOUNTS (account_Username, account_Password, account_Type, account_des, account_email) VALUES ('humungus69','sdfhj343','user','Hello, this is my account. Feel free to contact me!','humungus@gmail.com');
INSERT INTO ACCOUNTS (account_Username, account_Password, account_Type, account_des, account_email) VALUES ('sauranisgreat','34234hhjk','user','Hello, this is my account. Feel free to contact me!','sauran@gmail.com');
INSERT INTO ACCOUNTS (account_Username, account_Password, account_Type, account_des, account_email) VALUES ('deepak32','helloworld','user','Hello, this is my account. Feel free to contact me!','deepak@gmail.com');
INSERT INTO ACCOUNTS (account_Username, account_Password, account_Type, account_des, account_email) VALUES ('tejaljha','1234','user','Hello, this is my account. Feel free to contact me!','tejaljha@gmail.com');
INSERT INTO ACCOUNTS (account_Username, account_Password, account_Type, account_des, account_email) VALUES ('ilovesherlock','birthdayon23','user','Hello, this is my account. Feel free to contact me!','sherlock@gmail.com');
INSERT INTO ACCOUNTS (account_Username, account_Password, account_Type, account_des, account_email) VALUES ('alexaplay','helloworld','user','Hello, this is my account. Feel free to contact me!','alexa@gmail.com');
INSERT INTO ACCOUNTS (account_Username, account_Password, account_Type, account_des, account_email) VALUES ('mariasanta','1243helloworld','user','Hello, this is my account. Feel free to contact me!','mariasanta@gmail.com');
INSERT INTO ACCOUNTS (account_Username, account_Password, account_Type, account_des, account_email) VALUES ('arnav','iamarnav','user','Hello, this is my account. Feel free to contact me!','arnav@gmail.com');
INSERT INTO ACCOUNTS (account_Username, account_Password, account_Type, account_des, account_email) VALUES ('alexrocks','alexdoesrock','user','Hello, this is my account. Feel free to contact me!','alex@gmail.com');
INSERT INTO ACCOUNTS (account_Username, account_Password, account_Type, account_des, account_email) VALUES ('maximus','great8chess','user','Hello, this is my account. Feel free to contact me!','maximus@gmail.com');
INSERT INTO ACCOUNTS (account_Username, account_Password, account_Type, account_des, account_email) VALUES ('aryansingh','aryan543','user','Hello, this is my account. Feel free to contact me!','aryan@gmail.com');
INSERT INTO ACCOUNTS (account_Username, account_Password, account_Type, account_des, account_email) VALUES ('mickeymouse','2020nov23','user','Hello, this is my account. Feel free to contact me!','micky@gmail.com');
INSERT INTO ACCOUNTS (account_Username, account_Password, account_Type, account_des, account_email) VALUES ('mayshrestha','ilovemay','user','Hello, this is my account. Feel free to contact me!','may@gmail.com');
INSERT INTO ACCOUNTS (account_Username, account_Password, account_Type, account_des, account_email) VALUES ('mayhemagrawal','iamcool','user','Hello, this is my account. Feel free to contact me!','mayhem@gmail.com');
INSERT INTO ACCOUNTS (account_Username, account_Password, account_Type, account_des, account_email) VALUES ('oliviavillers','olivia1975','user','Hello, this is my account. Feel free to contact me!','olivia@gmail.com');
INSERT INTO ACCOUNTS (account_Username, account_Password, account_Type, account_des, account_email) VALUES ('emmawhatson','@emmaharrypotter','user','Hello, this is my account. Feel free to contact me!','emmawat@gmail.com');
INSERT INTO ACCOUNTS (account_Username, account_Password, account_Type, account_des, account_email) VALUES ('isabellawhite','isabella12','user','Hello, this is my account. Feel free to contact me!','isabella@gmail.com');
INSERT INTO ACCOUNTS (account_Username, account_Password, account_Type, account_des, account_email) VALUES ('deepakgurung','deepak1','user','Hello, this is my account. Feel free to contact me!','deepak@gmail.com');
INSERT INTO ACCOUNTS (account_Username, account_Password, account_Type, account_des, account_email) VALUES ('frankhonda','frank1','user','Hello, this is my account. Feel free to contact me!','frankhonda@gmail.com');
INSERT INTO ACCOUNTS (account_Username, account_Password, account_Type, account_des, account_email) VALUES ('pesmith','pesmith23','user','Hello, this is my account. Feel free to contact me!','pesmith@gmail.com');
INSERT INTO ACCOUNTS (account_Username, account_Password, account_Type, account_des, account_email) VALUES ('jamesmiller','jamesmiller4president','user','Hello, this is my account. Feel free to contact me!','jamesmiller@gmail.com');
INSERT INTO ACCOUNTS (account_Username, account_Password, account_Type, account_des, account_email) VALUES ('emmawhite','emma4grammys','user','Hello, this is my account. Feel free to contact me!','emmawhite@gmail.com');

-- manages
INSERT INTO MANAGES (account_id, student_id) VALUES (1101,1);
INSERT INTO MANAGES (account_id, student_id) VALUES (1102,2);
INSERT INTO MANAGES (account_id, student_id) VALUES (1103,3);
INSERT INTO MANAGES (account_id, student_id) VALUES (1104,4);
INSERT INTO MANAGES (account_id, student_id) VALUES (1105,5);
INSERT INTO MANAGES (account_id, student_id) VALUES (1106,6);
INSERT INTO MANAGES (account_id, student_id) VALUES (1107,7);
INSERT INTO MANAGES (account_id, student_id) VALUES (1108,8);
INSERT INTO MANAGES (account_id, student_id) VALUES (1109,9);
INSERT INTO MANAGES (account_id, student_id) VALUES (1110,10);
INSERT INTO MANAGES (account_id, student_id) VALUES (1111,11);
INSERT INTO MANAGES (account_id, student_id) VALUES (1112,12);
INSERT INTO MANAGES (account_id, student_id) VALUES (1113,13);
INSERT INTO MANAGES (account_id, student_id) VALUES (1114,14);
INSERT INTO MANAGES (account_id, student_id) VALUES (1115,15);
INSERT INTO MANAGES (account_id, student_id) VALUES (1116,16);
INSERT INTO MANAGES (account_id, student_id) VALUES (1117,17);
INSERT INTO MANAGES (account_id, student_id) VALUES (1118,18);
INSERT INTO MANAGES (account_id, student_id) VALUES (1119,19);
INSERT INTO MANAGES (account_id, student_id) VALUES (1120,20);
INSERT INTO MANAGES (account_id, student_id) VALUES (1121,21);
INSERT INTO MANAGES (account_id, student_id) VALUES (1122,22);
INSERT INTO MANAGES (account_id, student_id) VALUES (1123,23);
INSERT INTO MANAGES (account_id, student_id) VALUES (1124,24);
INSERT INTO MANAGES (account_id, student_id) VALUES (1125,25);

-- clubs

INSERT INTO CLUB (club_id, club_name, club_description, club_contact, club_rating, other_clubs, arts, dance, outreach_and_fellowship) VALUES (501,'Indoor Soccer Club','We play indoor football. If you are interested in indoor football, come join us.','indoor_football@jacobs-university.de',4.5,0,0,0,0);
INSERT INTO CLUB (club_id, club_name, club_description, club_contact, club_rating, other_clubs, arts, dance, outreach_and_fellowship) VALUES (502,'Rowing Club','We row and row. Come join us if you love Rowing!','row@jacobs-university.de',4.9,0,0,0,0);
INSERT INTO CLUB (club_id, club_name, club_description, club_contact, club_rating, other_clubs, arts, dance, outreach_and_fellowship) VALUES (503,'Martial Arts Club','We teach self-defence! Contact us for more info!','martial_arts@jacobs-university.de',4,0,0,0,0);
INSERT INTO CLUB (club_id, club_name, club_description, club_contact, club_rating, other_clubs, arts, dance, outreach_and_fellowship) VALUES (504,"Women's Basketball Club",'We play basketball for fun!','women_basketball@jacobs-university.de',4.3,0,0,0,0);
INSERT INTO CLUB (club_id, club_name, club_description, club_contact, club_rating, other_clubs, arts, dance, outreach_and_fellowship) VALUES (505,'Male Soccer Team','Come join us if you love competitive football.','male_soccerteam@jacobs-university.de',4.6,0,0,0,0);
INSERT INTO CLUB (club_id, club_name, club_description, club_contact, club_rating, other_clubs, arts, dance, outreach_and_fellowship) VALUES (506,'Engineering Club','We love to automate and solve real-life problems.','engineering@jacobs-university.de',3.5,1,0,0,0);
INSERT INTO CLUB (club_id, club_name, club_description, club_contact, club_rating, other_clubs, arts, dance, outreach_and_fellowship) VALUES (507,'Culinary Club','We love to cook!','cul@jacobs-university.de',4.6,0,1,0,0);
INSERT INTO CLUB (club_id, club_name, club_description, club_contact, club_rating, other_clubs, arts, dance, outreach_and_fellowship) VALUES (508,'Oriental Dance','We love to dance!Come join us.','oriental@jacobs-university.de',4.1,0,0,1,0);
INSERT INTO CLUB (club_id, club_name, club_description, club_contact, club_rating, other_clubs, arts, dance, outreach_and_fellowship) VALUES (509,'Photo and Video Club','Love Photography? Want to hang out with people having the same passion? Then what are you waiting for?','photo_video@jacobs-university.de',3.5,0,1,0,0);
INSERT INTO CLUB (club_id, club_name, club_description, club_contact, club_rating, other_clubs, arts, dance, outreach_and_fellowship) VALUES (510,'Movies Club','Want to watch movies but your friends are not free? Join our club and watch movies with people around campus!', 'movie_club@jacobs-university.de',5,1,0,0,0);
INSERT INTO CLUB (club_id, club_name, club_description, club_contact, club_rating, other_clubs, arts, dance, outreach_and_fellowship) VALUES (511,'Computer Science Club', 'We provide a fun learning environment for all students interested in coding, designing, and problem solving.', 'cs_club@jacobs-university.de', 4, 1, 0, 0, 0);
INSERT INTO CLUB (club_id, club_name, club_description, club_contact, club_rating, other_clubs, arts, dance, outreach_and_fellowship) VALUES (512,'Rotary Club', 'We help local economically unstable people around Bremen Vegesack area. Join us and make people smile!', 'rotary_club@jacobs-university.de', 5, 0, 0, 0, 1);
INSERT INTO CLUB (club_id, club_name, club_description, club_contact, club_rating, other_clubs, arts, dance, outreach_and_fellowship) VALUES (513,'Dance Club', 'Join us if you like to dance!', 'dance_club@jacob-university.de', 2.5, 0, 0, 1, 0);
INSERT INTO CLUB (club_id, club_name, club_description, club_contact, club_rating, other_clubs, arts, dance, outreach_and_fellowship) VALUES (514,'Music Club', 'Do you want to learn to play an instrument? If you do come join us!', 'music_club@jacob-university.de', 4.2, 0, 1, 0, 0);
INSERT INTO CLUB (club_id, club_name, club_description, club_contact, club_rating, other_clubs, arts, dance, outreach_and_fellowship) VALUES (515,'Art Club', 'Want to paint the new Mona Lisa but dont have a canvas? We do!', 'art_club@jacob-university.de', 4.5, 0, 1, 0, 0);

-- registers

INSERT INTO REGISTER(date_joined, student_id, club_id) VALUES ('2020-09-01',1,501);
INSERT INTO REGISTER(date_joined, student_id, club_id) VALUES ('2020-09-19',2,508);
INSERT INTO REGISTER(date_joined, student_id, club_id) VALUES ('2018-09-22',3,506);
INSERT INTO REGISTER(date_joined, student_id, club_id) VALUES ('2018-05-01',4,502);
INSERT INTO REGISTER(date_joined, student_id, club_id) VALUES ('2017-09-01',5,503);
INSERT INTO REGISTER(date_joined, student_id, club_id) VALUES ('2018-09-01',6,501);
INSERT INTO REGISTER(date_joined, student_id, club_id) VALUES ('2020-03-15',7,501);
INSERT INTO REGISTER(date_joined, student_id, club_id) VALUES ('2020-03-23',8,501);
INSERT INTO REGISTER(date_joined, student_id, club_id) VALUES ('2020-09-30',9,508);
INSERT INTO REGISTER(date_joined, student_id, club_id) VALUES ('2020-09-12',10,510);
INSERT INTO REGISTER(date_joined, student_id, club_id) VALUES ('2018-09-01',11,511);
INSERT INTO REGISTER(date_joined, student_id, club_id) VALUES ('2018-09-01',12,511);
INSERT INTO REGISTER(date_joined, student_id, club_id) VALUES ('2018-03-02',13,501);
INSERT INTO REGISTER(date_joined, student_id, club_id) VALUES ('2019-09-03',14,512);
INSERT INTO REGISTER(date_joined, student_id, club_id) VALUES ('2018-04-04',15,504);
INSERT INTO REGISTER(date_joined, student_id, club_id) VALUES ('2020-05-05',16,504);
INSERT INTO REGISTER(date_joined, student_id, club_id) VALUES ('2020-06-06',17,503);
INSERT INTO REGISTER(date_joined, student_id, club_id) VALUES ('2020-07-07',18,507);
INSERT INTO REGISTER(date_joined, student_id, club_id) VALUES ('2020-03-08',20,507);
INSERT INTO REGISTER(date_joined, student_id, club_id) VALUES ('2019-07-11',21,514);
INSERT INTO REGISTER(date_joined, student_id, club_id) VALUES ('2019-08-15',22,513);
INSERT INTO REGISTER(date_joined, student_id, club_id) VALUES ('2019-01-16',23,515);
INSERT INTO REGISTER(date_joined, student_id, club_id) VALUES ('2020-04-01',24,510);
INSERT INTO REGISTER(date_joined, student_id, club_id) VALUES ('2020-02-02',25,509);
INSERT INTO REGISTER(date_joined, student_id, club_id) VALUES ('2020-06-03',26,508);
INSERT INTO REGISTER(date_joined, student_id, club_id) VALUES ('2020-09-01',1,505);

-- sport
INSERT INTO SPORTS (team_name, club_id) VALUES ('Male Soccer Team',505);
INSERT INTO SPORTS (team_name, club_id) VALUES ("Women's Basketball Team",504);
INSERT INTO SPORTS (team_name, club_id) VALUES ('Martial Arts Club',503);
INSERT INTO SPORTS (team_name, club_id) VALUES ('Rowing Club',502);
INSERT INTO SPORTS (team_name, club_id) VALUES ('Indoor Soccer Club',501);

-- coach
INSERT INTO COACH (coach_name, coach_contact) VALUES ('Michael Jordan','michaeljordan@gmail.com');
INSERT INTO COACH (coach_name, coach_contact) VALUES ('Petra Solveig','petra@gmail.com');

-- coached by
INSERT INTO COACHED_BY (coach_id, club_id) VALUES (10501,505);
INSERT INTO COACHED_BY (coach_id, club_id) VALUES (10502,504);

-- permission
INSERT INTO PERMISSION(permission_id,permission_name) VALUES(10001,'admin');
INSERT INTO PERMISSION(permission_id,permission_name) VALUES(10002,'moderator');
INSERT INTO PERMISSION(permission_id,permission_name) VALUES(10003,'treasurer');

-- holds
INSERT INTO HOLDS (account_id, permission_id) VALUES (1101,10001);
INSERT INTO HOLDS (account_id, permission_id) VALUES (1102,10001);
INSERT INTO HOLDS (account_id, permission_id) VALUES (1103,10001);
INSERT INTO HOLDS (account_id, permission_id) VALUES (1104,10001);
INSERT INTO HOLDS (account_id, permission_id) VALUES (1105,10001);
INSERT INTO HOLDS (account_id, permission_id) VALUES (1106,10001);
INSERT INTO HOLDS (account_id, permission_id) VALUES (1107,10001);
INSERT INTO HOLDS (account_id, permission_id) VALUES (1108,10001);
INSERT INTO HOLDS (account_id, permission_id) VALUES (1109,10001);
INSERT INTO HOLDS (account_id, permission_id) VALUES (1110,10001);
INSERT INTO HOLDS (account_id, permission_id) VALUES (1111,10001);
INSERT INTO HOLDS (account_id, permission_id) VALUES (1112,10001);
INSERT INTO HOLDS (account_id, permission_id) VALUES (1113,10001);
INSERT INTO HOLDS (account_id, permission_id) VALUES (1114,10001);
INSERT INTO HOLDS (account_id, permission_id) VALUES (1115,10001);
INSERT INTO HOLDS (account_id, permission_id) VALUES (1116,10002);
INSERT INTO HOLDS (account_id, permission_id) VALUES (1117,10002);
INSERT INTO HOLDS (account_id, permission_id) VALUES (1118,10002);
INSERT INTO HOLDS (account_id, permission_id) VALUES (1119,10003);
INSERT INTO HOLDS (account_id, permission_id) VALUES (1120,10003);

-- moderator 
INSERT INTO MODERATOR (moderator_id, student_id, moderator_name, moderator_position) VALUES (100001,1,'Ankit Pandit','President');
INSERT INTO MODERATOR (moderator_id, student_id, moderator_name, moderator_position) VALUES (100002,2,'Daniel Bose','President');
INSERT INTO MODERATOR (moderator_id, student_id, moderator_name, moderator_position) VALUES (100003,3,'Moria Hubbs','President');
INSERT INTO MODERATOR (moderator_id, student_id, moderator_name, moderator_position) VALUES (100004,4,'Humungus Sauraus','President');
INSERT INTO MODERATOR (moderator_id, student_id, moderator_name, moderator_position) VALUES (100005,5,'Sauran Shrestha','President');
INSERT INTO MODERATOR (moderator_id, student_id, moderator_name, moderator_position) VALUES (100006,6,'Deepak Budha','President');
INSERT INTO MODERATOR (moderator_id, student_id, moderator_name, moderator_position) VALUES (100007,7,'Tejal Jha','President');
INSERT INTO MODERATOR (moderator_id, student_id, moderator_name, moderator_position) VALUES (100008,8,'Sherlock Homes','President');
INSERT INTO MODERATOR (moderator_id, student_id, moderator_name, moderator_position) VALUES (100009,9,'Alexa Holst','President');
INSERT INTO MODERATOR (moderator_id, student_id, moderator_name, moderator_position) VALUES (100010,10,'Maria Santa','President');
INSERT INTO MODERATOR (moderator_id, student_id, moderator_name, moderator_position) VALUES (100011,11,'Arnav Singh','President');
INSERT INTO MODERATOR (moderator_id, student_id, moderator_name, moderator_position) VALUES (100012,12,'Alex GS','President');
INSERT INTO MODERATOR (moderator_id, student_id, moderator_name, moderator_position) VALUES (100013,13,'Max GS','President');
INSERT INTO MODERATOR (moderator_id, student_id, moderator_name, moderator_position) VALUES (100014,14,'Aryan Singh','President');
INSERT INTO MODERATOR (moderator_id, student_id, moderator_name, moderator_position) VALUES (100015,15,'Mickey Demse','President');
INSERT INTO MODERATOR (moderator_id, student_id, moderator_name, moderator_position) VALUES (100016,16,'May Shrestha','Vice-President');
INSERT INTO MODERATOR (moderator_id, student_id, moderator_name, moderator_position) VALUES (100017,17,'Mayhem Agrawal','Vice-President');
INSERT INTO MODERATOR (moderator_id, student_id, moderator_name, moderator_position) VALUES (100018,18,'Olivia Villers','Vice-President');
INSERT INTO MODERATOR (moderator_id, student_id, moderator_name, moderator_position) VALUES (100019,19,'Emma Watson','Treasurer');
INSERT INTO MODERATOR (moderator_id, student_id, moderator_name, moderator_position) VALUES (100020,20,'Isabella White','Treasurer');

-- supervises 
INSERT INTO SUPERVISES (moderator_id, club_id) VALUES (100001,501);
INSERT INTO SUPERVISES (moderator_id, club_id) VALUES (100002,502);
INSERT INTO SUPERVISES (moderator_id, club_id) VALUES (100003,504);
INSERT INTO SUPERVISES (moderator_id, club_id) VALUES (100004,503);
INSERT INTO SUPERVISES (moderator_id, club_id) VALUES (100005,505);
INSERT INTO SUPERVISES (moderator_id, club_id) VALUES (100006,506);
INSERT INTO SUPERVISES (moderator_id, club_id) VALUES (100007,507);
INSERT INTO SUPERVISES (moderator_id, club_id) VALUES (100008,508);
INSERT INTO SUPERVISES (moderator_id, club_id) VALUES (100009,509);
INSERT INTO SUPERVISES (moderator_id, club_id) VALUES (100010,510);
INSERT INTO SUPERVISES (moderator_id, club_id) VALUES (100011,511);
INSERT INTO SUPERVISES (moderator_id, club_id) VALUES (100012,512);
INSERT INTO SUPERVISES (moderator_id, club_id) VALUES (100013,513);
INSERT INTO SUPERVISES (moderator_id, club_id) VALUES (100014,514);
INSERT INTO SUPERVISES (moderator_id, club_id) VALUES (100015,515);
INSERT INTO SUPERVISES (moderator_id, club_id) VALUES (100016,501);
INSERT INTO SUPERVISES (moderator_id, club_id) VALUES (100017,502);
INSERT INTO SUPERVISES (moderator_id, club_id) VALUES (100018,503);
INSERT INTO SUPERVISES (moderator_id, club_id) VALUES (100019,501);
INSERT INTO SUPERVISES (moderator_id, club_id) VALUES (100020,502);

-- activities
insert into ACTIVITY ( activity_name, activity_location, activity_desc, activity_type, activity_day, activity_time ,optional_activity, mandatory_activity) values ('Toughjoyfax', '0 Kim Crossing', 'cras pellentesque volutpat dui maecenas tristique est et tempus', 'Phased', 'Monday','09:43:00', 1, 0);
insert into ACTIVITY ( activity_name, activity_location, activity_desc, activity_type, activity_day, activity_time ,optional_activity, mandatory_activity) values ('Vagram', '9849 Hauk Park', 'vestibulum eget vulputate ut ultrices', 'conglomeration', 'Tuesday', '10:43:00', 1, 0);
insert into ACTIVITY ( activity_name, activity_location, activity_desc, activity_type, activity_day, activity_time ,optional_activity, mandatory_activity) values ('Fix San', '47 Schmedeman Plaza', 'tempus semper est quam pharetra magna ac', 'Automated', 'Wednesday', '11:00:00', 1, 0);
insert into ACTIVITY ( activity_name, activity_location, activity_desc, activity_type, activity_day, activity_time ,optional_activity, mandatory_activity) values ('Tempsoft', '746 Crownhardt Pass', 'nam nulla integer pede justo lacinia eget', 'success', 'Thursday', '02:00:00', 0, 1);
insert into ACTIVITY ( activity_name, activity_location, activity_desc, activity_type, activity_day, activity_time ,optional_activity, mandatory_activity) values ('Redhold', '2 Dorton Trail', 'in eleifend quam a odio in', 'frame', '6:56 AM', '09:43:00', 1,0);
insert into ACTIVITY ( activity_name, activity_location, activity_desc, activity_type, activity_day, activity_time ,optional_activity, mandatory_activity) values ('Tresom', '9626 Straubel Circle', 'lorem id ligula suspendisse ornare', 'demand-driven', 'Friday', '07:00:00', 1, 0);
insert into ACTIVITY ( activity_name, activity_location, activity_desc, activity_type, activity_day, activity_time ,optional_activity, mandatory_activity) values ('Latlux', '35 Havey Lane', 'sit amet diam in magna bibendum', 'software', 'Saturday', '09:43:00', 1, 0);
insert into ACTIVITY ( activity_name, activity_location, activity_desc, activity_type, activity_day, activity_time ,optional_activity, mandatory_activity) values ('It', '0 Spohn Alley', 'in libero ut massa volutpat convallis morbi', 'focus group', 'Sunday', '17:00:00', 0, 1);
insert into ACTIVITY ( activity_name, activity_location, activity_desc, activity_type, activity_day, activity_time ,optional_activity, mandatory_activity) values ('Sub-Ex', '573 5th Point', 'dolor morbi vel lectus in quam fringilla rhoncus mauris', 'Cloned', 'Monday', '18:43:00', 0, 1);
insert into ACTIVITY ( activity_name, activity_location, activity_desc, activity_type, activity_day, activity_time ,optional_activity, mandatory_activity) values ('Cardify', '8447 Dahle Court', 'dui luctus rutrum nulla tellus', 'Enterprise-wide', '6:14 AM', '19:50:00', 1, 0);
insert into ACTIVITY ( activity_name, activity_location, activity_desc, activity_type, activity_day, activity_time ,optional_activity, mandatory_activity) values ('Y-find', '86 Clyde Gallagher Terrace', 'nascetur ridiculus mus etiam vel', 'fresh-thinking', 'Tuesday', '08:45:00', 0, 1);
insert into ACTIVITY ( activity_name, activity_location, activity_desc, activity_type, activity_day, activity_time ,optional_activity, mandatory_activity) values ('Konklab', '4617 Schlimgen Circle', 'justo sollicitudin ut suscipit a', 'Open-architected', 'Wednesday', '08:00:00', 1, 0);
insert into ACTIVITY ( activity_name, activity_location, activity_desc, activity_type, activity_day, activity_time ,optional_activity, mandatory_activity) values ('Wrapsafe', '98967 Everett Circle', 'feugiat non pretium quis lectus suspendisse potenti', 'Graphical User Interface', 'Thursday', '12:15:00', 0, 1);
insert into ACTIVITY ( activity_name, activity_location, activity_desc, activity_type, activity_day, activity_time ,optional_activity, mandatory_activity) values ('Span', '3762 Judy Way', 'ipsum ac tellus semper interdum mauris ullamcorper purus sit', 'analyzer', 'Friday', '16:45:00', 0, 1);
insert into ACTIVITY ( activity_name, activity_location, activity_desc, activity_type, activity_day, activity_time ,optional_activity, mandatory_activity) values ('Tempsoft', '47949 Maywood Pass', 'venenatis turpis enim blandit mi in porttitor pede', 'neural-net', 'Saturday', '03:50:00', 1, 0);


-- organizes
insert into ORGANIZES (club_id, activity_id) values (501, 701);
insert into ORGANIZES (club_id, activity_id) values (502, 702);
insert into ORGANIZES (club_id, activity_id) values (503, 703);
insert into ORGANIZES (club_id, activity_id) values (504, 704);
insert into ORGANIZES (club_id, activity_id) values (505, 705);
insert into ORGANIZES (club_id, activity_id) values (506, 706);
insert into ORGANIZES (club_id, activity_id) values (507, 707);
insert into ORGANIZES (club_id, activity_id) values (508, 708);
insert into ORGANIZES (club_id, activity_id) values (509, 709);
insert into ORGANIZES (club_id, activity_id) values (510, 710);
insert into ORGANIZES (club_id, activity_id) values (511, 711);
insert into ORGANIZES (club_id, activity_id) values (512, 712);
insert into ORGANIZES (club_id, activity_id) values (513, 713);
insert into ORGANIZES (club_id, activity_id) values (514, 714);
insert into ORGANIZES (club_id, activity_id) values (515, 715);
